<?xml version="1.0"?>
<celsiusv2.1.library>
<element>
  <name>Maths/Physics</name>
  <directory>MathPhys</directory>
  <index>type|title|authors|pages|identifier|keywords|inspirekey</index>
  <standardfields>abstract|remarks|arxiv-ref</standardfields>
  <tablecolumns>type|title|authors&1|identifier</tablecolumns>
  <columnheaders>|Title|Authors|Identifier</columnheaders>
  <autosortcolumn>1</autosortcolumn>
  <people>authors</people>
  <plugins>*</plugins>
  <filetypes>pdf|ps.gz|djvu|epub|html|war|rtf</filetypes>
  <essential-fields>title|authors</essential-fields>
  <item-representation>"#title#" by #authors&1#</item-representation>
  <naming-convention>#title# (#authors&1#).#filetype#</naming-convention>
  <item-folder>LD::documents</item-folder>
  <searchtags>title|authors|identifier|abstract|remarks|pages|type|filetype|lastmodified|date|filesize|plaintext</searchtags>
  <style>LD::style.css</style>
  <dir::toinclude>./toinclude</dir::toinclude>
  <choice-fields>type:Book,eBook,Lecture Notes,Other,Paper,Preprint,Review,Talk,Thesis,Book Chapter</choice-fields>
  <icon-fields>type</icon-fields>
  <differentiating-fields>title|authors</differentiating-fields>
  <dir::addsingledoc>./toinclude</dir::addsingledoc>
  <columnsizes>-22|580|181|180</columnsizes>
  <columntypes>symbol|text|people</columntypes>
  <dir::showcited>/home/cnsaeman/Dropbox/Crossed Modules</dir::showcited>
  <tabs>*</tabs>
  <plugins-manual>Adjust Identifier|Adjust Type|Look at Amazon|Look at Inspire|Get Abstract|Look at ADSabs|GetDOI|Get from Filename|Get from JSTOR|Get from PDF Header|Get from Filename|Get from arXiv|Get from Inspire|Get from PDF Header|Update Publication Record|Update Recent Publication Record|Update to Inspire|Convert ps.gz to pdf|Create Thumbnails (epub,djvu,pdf)|CropPDF/eReader|Stamp PDF Header|Repair PDF|Create List of Publications|Create List of Publications/Web|Update Citation Count|Update Links|Watch Citation Count</plugins-manual>
  <plugins-auto>|Get from Filename|Get from arXiv|Get from Inspire|Get from PDF Header|Get from JSTOR</plugins-auto>
  <plugins-export>BibTeX|Simple reference|Standard LaTeX|Extended LaTeX</plugins-export>
  <hide>MenuItem:Set my location to current item's location</hide>
</element>
</celsiusv2.1.library>
