<?xml version='1.0'?>
<menu title="Maths/Physics">
    <menu title="String Theory">
        <menu title="Books (ST)"/>
        <menu title="Lecture Notes (ST)"/>
        <menu title="D-Branes">
            <menu title="Reviews (D-Branes)"/>
        </menu>
        <menu title="Matrix Models">
            <menu title="Books & Reviews (MM)"/>
            <menu title="BFSS"/>
            <menu title="IKKT"/>
            <menu title="Matrix Quantum Mechanics"/>
            <menu title="U(N) integrals"/>
        </menu>
        <menu title="Topological String Theory">
            <menu title="Calabi-Yau manifolds"/>
            <menu title="Mirror Symmetry"/>
            <menu title="Twistor String Theory"/>
        </menu>
        <menu title="Compactification">
            <menu title="Calabi-Yau manifolds"/>
            <menu title="Mirror Symmetry"/>
        </menu>
        <menu title="String Field Theory"/>
        <menu title="AdS/CFT"/>
        <menu title="Landscapism"/>
        <menu title="M/F-theory">
            <menu title="Reviews (M-theory)"/>
        </menu>
        <menu title="Noncommutative Field Theory"/>
    </menu>
    <menu title="Quantum Field Theory">
        <menu title="Books (QFT)"/>
        <menu title="Lecture Notes (QFT)"/>
        <menu title="Gauge Theories">
            <menu title="Yang-Mills theory"/>
            <menu title="Self-Dual Yang-Mills">
                <menu title="ADHM construction"/>
                <menu title="Nahm construction"/>
                <menu title="Bogomolny equations"/>
            </menu>
            <menu title="Chern-Simons theory">
                <menu title="CS from Fermions"/>
            </menu>
            <menu title="Quantum Chromodynamics"/>
            <menu title="N=1* SYM"/>
            <menu title="Monopoles"/>
        </menu>
        <menu title="Twistors">
            <menu title="Reviews (Twistors)"/>
        </menu>
        <menu title="Supersymmetry">
            <menu title="Books & Reviews (SUSY)"/>
            <menu title="Supersymmetry Breaking"/>
            <menu title="Supermathematics">
                <menu title="Supermanifolds"/>
                <menu title="Super Lie Groups"/>
            </menu>
            <menu title="Supergravity Books/Lecture Notes"/>
            <menu title="projective Superspace"/>
        </menu>
        <menu title="Conformal Field Theory">
            <menu title="Reviews (CFT)"/>
        </menu>
        <menu title="Topological Field Theory"/>
        <menu title="Thermal Field Theory"/>
        <menu title="Standard model"/>
        <menu title="Quantum Groups"/>
        <menu title="Integrability"/>
        <menu title="Renormalons"/>
        <menu title="Quantizations">
            <menu title="BV-Quantization"/>
            <menu title="Contact Manifolds"/>
            <menu title="Geometric quantization"/>
        </menu>
    </menu>
    <menu title="Other Physics">
        <menu title="Mechanics"/>
        <menu title="Quantum Mechanics">
            <menu title="Interpretations of QM"/>
        </menu>
        <menu title="Thermodynamics and Statistics"/>
        <menu title="Electrodynamics"/>
        <menu title="Relativity"/>
        <menu title="Cosmology"/>
        <menu title="Experimental and Applied Physics"/>
        <menu title="Solid state physics"/>
        <menu title="Tables and references"/>
    </menu>
    <menu title="Mathematics">
        <menu title="Foundations of mathematics">
            <menu title="Logic and Set Theory"/>
            <menu title="Category theory"/>
        </menu>
        <menu title="Algebraic areas">
            <menu title="Algebra">
                <menu title="A_inf and L_inf"/>
            </menu>
            <menu title="Linear Algebra"/>
            <menu title="Algebraic topology"/>
            <menu title="Group theory">
                <menu title="Lie groups"/>
                <menu title="Spinors and Clifford algebras"/>
                <menu title="Homogeneous spaces"/>
            </menu>
            <menu title="Hopf algebras"/>
            <menu title="K-Theory"/>
            <menu title="Number theory"/>
        </menu>
        <menu title="Analytical areas">
            <menu title="Complex analysis"/>
            <menu title="Differential equations"/>
            <menu title="Functional analysis"/>
        </menu>
        <menu title="Geometrical areas">
            <menu title="Algebraic geometry">
                <menu title="Elliptic curves"/>
                <menu title="Toric geometry"/>
                <menu title="Surfaces"/>
                <menu title="D-modules"/>
            </menu>
            <menu title="Complex geometry"/>
            <menu title="Differential geometry">
                <menu title="Contact geometry"/>
            </menu>
            <menu title="Manifolds"/>
            <menu title="Supermathematics">
                <menu title="Supermanifolds"/>
                <menu title="Super Lie groups"/>
            </menu>
            <menu title="Topology"/>
            <menu title="Loop space">
                <menu title="YM in LS">
                    <menu title="Hodge star on LS"/>
                    <menu title="M5-brane actions"/>
                    <menu title="(2,0) theory"/>
                </menu>
            </menu>
        </menu>
        <menu title="Applied mathematics">
            <menu title="Numerics"/>
        </menu>
        <menu title="Tables and references"/>
        <menu title="Financial Mathematics"/>
    </menu>
    <menu title="Recent Subjects">
        <menu title="Noncommutativity"/>
        <menu title="Gauge Theories (RC)">
            <menu title="Dijkgraaf-Vafa"/>
            <menu title="Nonanticommutativity"/>
            <menu title="SW Theory"/>
        </menu>
        <menu title="Nonanticommutativity"/>
        <menu title="Twistor String Theory"/>
        <menu title="Drinfeld twists"/>
        <menu title="Fuzzy Geometry">
            <menu title="Fuzzy Flag Varieties"/>
            <menu title="Supersphere"/>
            <menu title="Flag manifolds"/>
            <menu title="Sigma models"/>
            <menu title="Material fuzzy susy"/>
            <menu title="Toeplitz Quantization"/>
        </menu>
        <menu title="BLG theory etc">
            <menu title="ABJM Model"/>
        </menu>
        <menu title="beta-deformations"/>
        <menu title="Loop Space"/>
    </menu>
    <menu title="Projects">
        <menu title="to read"/>
	<menu title="in progress"/>
	<menu title="finished"/>
	<menu title="abandoned"/>
    </menu>
    <menu title="Document Types">
        <menu title="Lecture Notes"/>
        <menu title="PhD Theses"/>
        <menu title="Talks">
            <menu title="Presentation files"/>
        </menu>
        <menu title="Conferences"/>
        <menu title="Tables and References"/>
        <menu title="Research Notes"/>
        <menu title="Websites"/>
        <menu title="to download"/>
    </menu>
    <menu title="To read"/>
    <menu title="eBook Reader"/>
    <menu title="transgression"/>
    <menu title="List of Publications"/>
</menu>
