<?xml version='1.0'?>
<rules>
    <contains-mainly tag="title" target="Mechanics" value="mechanik"/>
    <contains tag="title" target="Relativity" value="relativ"/>
    <contains tag="plaintext" target="Noncommutativity" value="hep-th/9908142"/>
    <contains tag="plaintext" target="Dijkgraaf-Vafa" value="hep-th/0206255"/>
    <contains tag="plaintext" target="Nonanticommutativity" value="hep-th/0305248"/>
    <contains tag="plaintext" target="Twistor String Theory" value="hep-th/0312171"/>
    <contains tag="plaintext" target="Drinfeld twists" value="hep-th/0408069"/>
    <test>
        <contains tag="abstract" action="a+=2" value="thesis"/>
        <contains tag="abstract" value="dissertation" action="a+=2"/>
        <contains tag="comments" action="a+=2" value="thesis"/>
        <contains tag="comments" value="dissertation" action="a+=2"/>
        <if conditions="a>1" target="PhD Theses"/>
    </test>
    <test>
        <contains tag="abstract" action="a+=2" value="talk"/>
        <contains tag="abstract" value="proceedings" action="a+=2"/>
        <contains tag="abstract" value="conference" action="a+=2"/>
        <contains tag="comments" action="a+=2" value="talk"/>
        <contains tag="comments" value="proceedings" action="a+=2"/>
        <contains tag="comments" value="conference" action="a+=2"/>
        <if conditions="a>1" target="Talks"/>
    </test>
    <contains tag="title" target="AdS/CFT" value="ads"/>
    <contains tag="title" target="Self-Dual Yang-Mills" value="self-dual"/>
    <contains tag="title" target="AdS/CFT" value="anti de Sitter"/>
    <contains tag="title" target="Twistors" value="twistor"/>
    <contains-mainly tag="title" target="Mechanics" value="mechanics"/>
    <contains-mainly tag="title" target="Electrodynamics" value="elektrodyn"/>
    <contains-mainly tag="title" target="Electrodynamics" value="electrodyn"/>
    <contains-mainly tag="title" target="Quantum Mechanics" value="quantenmechanik"/>
    <contains-mainly tag="title" target="Quantum Mechanics" value="quantum mechanics"/>
    <contains-mainly tag="title" target="Algebra" value="algebra"/>
    <contains-mainly tag="title" target="Analytical areas" value="calculus"/>
    <contains-mainly tag="title" target="Complex analysis" value="complex analysis"/>
    <contains-mainly tag="title" target="Complex analysis" value="funktionentheorie"/>
    <contains-mainly tag="title" target="Differential equations" value="differentialgleichung"/>
    <contains-mainly tag="title" target="Differential equations" value="differential equation"/>
    <contains-mainly tag="title" target="Lecture Notes (QFT)" value="quantum field theory"/>
    <contains-mainly tag="title" target="Lecture Notes (QFT)" value="quantenfeldtheorie"/>
    <contains-mainly tag="title" target="Self-Dual SYM" value="self-dual"/>
    <contains-mainly tag="title" target="Supermanifolds" value="supermanifold"/>
    <contains tag="title" target="Super Lie Groups" value="super lie"/>
    <contains-mainly tag="title" target="Conformal Field Theory" value="conformal field theory"/>
    <contains-mainly tag="title" target="Conformal Field Theory" value="konforme feldtheorie"/>
    <contains-mainly tag="title" target="Twistor String Theory" value="twistor string"/>
    <contains tag="title" target="D-Branes" value="d-branes"/>
    <contains tag="title" target="Calabi-Yau manifolds" value="calabi-yau"/>
    <contains-mainly tag="title" target="String Theory" value="string theory"/>
    <contains-mainly tag="title" target="Supersymmetry" value="supersymmetry"/>
    <contains-mainly tag="title" target="Supermath" value="supermathematics"/>
    <contains tag="title" target="Algebraic geometry" value="algebraic geometry"/>
    <contains tag="title" target="Algebraic geometry" value="algebraische geometrie"/>
    <contains tag="title" target="Algebraic topology" value="algebraic topology"/>
    <contains tag="title" target="Algebraic topology" value="algebraische topologie"/>
    <contains tag="title" target="Thermal Field Theory" value="thermal field theory"/>
    <contains tag="title" target="Differential geometry" value="differential geometry"/>
    <contains tag="title" target="Differential geometry" value="differentialgeometrie"/>
    <test>
        <contains tag="title" value="geometry" action="a+=2"/>
        <contains tag="title" value="geometrie" action="a+=2"/>
        <contains tag="title" value="differential geometry" action="a+=2"/>
        <contains tag="title" value="differentialgeometrie" action="a+=2"/>
        <if conditions="a>1" target="Geometrical areas"/>
    </test>
    <contains-mainly tag="title" target="Gauge Theories" value="gauge theory"/>
    <contains-mainly tag="title" target="Gauge Theories" value="gauge theories"/>
    <contains-mainly tag="title" target="Gauge Theories" value="eichtheorie"/>
    <contains tag="title" target="Thermal Field Theory" value="Thermale Feldtheorie"/>
    <contains tag="title" target="Landscapism" value="landscape"/>
    <contains tag="title" target="Landscapism" value="anthropic"/>
    <contains tag="title" target="String Field Theory" value="string field theory"/>
    <contains tag="title" target="Compactification" value="compactification"/>
    <contains tag="title" target="Topological String Theory" value="topological string theory"/>
    <contains tag="title" target="Manifolds" value="manifolds"/>
    <contains tag="title" target="M/F-theory" value="m-theory"/>
    <contains tag="title" target="M/F-theory" value="f-theory"/>
    <contains tag="title" target="M/F-theory" value="m2"/>
    <contains tag="title" target="M/F-theory" value="m5"/>
    <contains tag="title" target="Yang-Mills theory" value="yang-mills"/>
    <contains tag="title" target="Chern-Simons theory" value="chern-simons"/>
    <contains tag="title" target="Quantum Chromodynamics" value="quantum chromodynamics"/>
    <contains tag="title" target="Quantum Chromodynamics" value="qcd"/>
    <contains tag="title" target="Topological Field Theory" value="topological field theory"/>
    <contains tag="title" target="Topological Field Theory" value="topologische feldtheorie"/>
    <contains tag="title" target="Bogomolny equations" value="bogomolny"/>
    <contains tag="title" target="Nahm construction" value="nahm"/>
    <contains tag="title" target="ADHM construction" value="adhm"/>
    <contains tag="title" target="Conformal Field Theory" value="konforme feldtheorie"/>
    <contains tag="title" target="Analytical areas" value="analysis"/>
    <contains tag="title" target="Number theory" value="zahlentheorie"/>
    <contains tag="title" target="Number theory" value="number theory"/>
    <contains-mainly tag="title" target="Analytical areas" value="infinitesimalrechnung"/>
    <contains tag="title" target="Lie groups" value="lie group"/>
    <contains tag="title" target="Lie groups" value="lie gruppe"/>
    <contains tag="title" target="Thermodynamics and Statistics" value="thermodynam"/>
    <contains tag="title" target="Elliptic curves" value="elliptic curves"/>
    <contains tag="title" target="Elliptic curves" value="elliptische kurven"/>
    <contains tag="title" target="Matrix Models" value="matrix model"/>
    <contains tag="title" target="Topology" value="topolog"/>
    <contains tag="title" target="Group theory" value="gruppentheorie"/>
    <contains tag="title" target="Group theory" value="group theory"/>
    <contains tag="title" target="Thermodynamics and Statistics" value="statistische physik"/>
    <contains tag="title" target="Thermodynamics and Statistics" value="statistische mechanik"/>
    <contains tag="title" target="Numerics" value="numerik"/>
    <contains tag="title" target="Standard model" value="standard model"/>
    <contains tag="title" target="Standard model" value="standardmodell"/>
    <contains tag="title" target="Cosmology" value="cosmolog"/>
    <contains tag="title" target="Cosmology" value="kosmolog"/>
    <contains tag="title" target="Fuzzy Geometry" value="fuzzy"/>
    <contains tag="title" target="Super Lie Groups" value="supergroup"/>
    <contains tag="title" target="Super Lie Groups" value="lie super"/>
    <test>
        <contains tag="title" action="a+=2" value="flag"/>
        <contains tag="title" action="a+=2" value="quant"/>
        <contains tag="title" action="a+=2" value="fuzzy"/>
        <if conditions="A>3" target="Fuzzy Flag Varieties"/>
    </test>
    <contains tag="title" target="Hopf algebras" value="hopf"/>
    <contains tag="title" target="Supersphere" value="supersphere"/>
    <contains tag="title" target="Flag manifolds" value="flag"/>
    <contains tag="title" target="Sigma models" value="sigma model"/>
    <contains tag="title" target="Homogeneous spaces" value="homogeneous space"/>
    <contains tag="title" target="Quantum Groups" value="quantum group"/>
    <contains tag="title" target="Integrability" value="integrab"/>
    <contains tag="title" target="Functional analysis" value="functional analysis"/>
    <contains tag="title" target="Functional analysis" value="funktionalanalysis"/>
    <contains tag="title" target="K-Theory" value="k-theo"/>
    <contains tag="title" target="Spinors and Clifford algebras" value="clifford"/>
    <contains tag="title" target="Toric geometry" value="toric geo"/>
    <contains tag="title" target="Toric geometry" value=" toric "/>
    <contains tag="title" target="Surfaces" value="surface"/>
    <contains tag="title" target="Surfaces" value="flächen"/>
    <contains tag="title" target="D-modules" value="d-modules"/>
    <contains tag="title" target="D-modules" value="d modules"/>
    <contains tag="title" target="Renormalons" value="renormalon"/>
    <contains tag="plaintext" target="RHIC" value="hep-th/0104066"/>
    <contains tag="title" target="Toeplitz Quantization" value="toeplitz"/>
    <contains tag="title" target="Mirror Symmetry" value="mirror symmetry"/>
    <contains tag="plaintext" target="BLG theory etc" value="hep-th/0611108"/>
    <contains tag="plaintext" target="BLG theory etc" value="0712.3738"/>
    <contains tag="plaintext" target="ABJM Model" value="0806.1218"/>
</rules>
